ClientId,AverageSpeed,CountN_Speed,CountN_PickAcceleration,AveragePickAcceleration,CountN_BackAcceleration,AverageBackAcceleration,CountN_LeftRightAcceleration,AverageLeftRightAcceleration
13799000008815,57.48335960449953,16361,789,1.5449936628643852,854,2.348946135831382,471,2.585962555256999
13799000009003,53.68853505634399,69747,4747,1.708236781124921,4746,2.3721028234302572,2860,2.63738807462613
13799000009029,52.60175447832897,39905,3656,1.637582056892779,3023,2.3767780350645054,1780,2.661571180765204
13799000009243,54.495262372419596,60574,7186,1.5915669357083218,4948,2.4114793856103476,3007,2.8080784368960146
13799000009300,56.86292102986366,86551,8231,1.572469930749605,6148,2.412654521795706,3735,2.796294307500127
13799000009375,57.37264719920163,69897,3573,1.3865099356283235,3627,2.3333333333333335,2186,2.6031693665699973
13799000009573,57.295975414391734,14957,588,1.5799319727891157,563,2.280639431616341,273,2.4692307692307693
13799000009599,56.638371085824126,27186,975,1.2061538461538461,1401,2.3547466095645966,955,2.6828109858045
13799000180309,54.174447058576945,52591,4920,1.8260162601626015,4489,2.39162396970372,2371,2.7018090541346353
13799000180317,53.60785967842973,94681,8217,1.6572958500669344,7441,2.3839537696546165,3431,2.633291391954476
13799000193955,53.24718745674912,82153,7317,1.7570042367090337,6098,2.391603804526074,3475,2.7005579196217493
13799000194037,54.1451145162103,95998,7915,1.7638660770688566,7442,2.3661650094060738,4057,2.6578959228858103
13799000194250,55.97735142553327,69925,4574,1.444468736335811,4290,2.3885780885780887,4101,2.8793283067901783
13799000194284,57.03239880760375,117458,5007,1.3343319352905931,6765,2.337472283813747,4587,2.6338213236142503
13799000194334,60.168761771275896,7341,288,1.4479166666666667,354,2.285310734463277,246,2.5717792382611453
13799000194367,55.20764978601997,81143,10656,1.7009196696696696,6303,2.3982230683801364,3974,2.738260415820757
13799000194383,54.09957313011653,74375,2094,1.2507163323782235,4653,2.392005157962605,3055,2.6800478809395187
13799000194433,56.63724805955629,15558,689,1.462989840348331,876,2.3618721461187215,678,2.70192536720921
13799000194441,56.189729884013595,53709,2193,1.5471956224350205,2813,2.340917170280839,2281,2.6313482868128792
13799000194466,55.56774318107678,39901,1923,1.5252210088403537,2149,2.316426244765007,1553,2.626369563102073
13799000360877,55.2101440318746,47204,6332,1.76452937460518,3489,2.397535110346804,2402,2.797558158719683
13799000452948,57.93172433138859,170440,20954,1.6566288059559033,12519,2.4310248422397955,7649,2.8070974592681575
13799000452955,57.82042104146781,41878,4761,1.6095358118042429,2522,2.381839809674861,1253,2.6304936056281862
13799000452971,57.396314611164414,40993,2139,1.413277232351566,1908,2.339622641509434,1296,2.604045789556218
13799000453011,57.275421863536316,7200,593,1.7166947723440136,516,2.368217054263566,537,3.3177261768811066
13799000453029,50.419976748692115,2683,138,1.434782608695652,147,2.312925170068027,44,2.25
13799000453110,53.97881657397665,89153,6467,1.5402814287923303,6368,2.371388190954774,3535,2.6105808644287722
13799000453128,53.15109284513357,29324,6530,2.0735068912710566,2542,2.3564122738001574,1062,2.655927601809955
13799000453136,60.96061681592706,240500,12595,1.427233028979754,11407,2.36302270535636,7545,2.707772962792017
13799000453144,58.822760933351965,5679,525,1.5638095238095238,336,2.4047619047619047,169,2.7740031897926634
13799000453169,54.465396429257055,10681,1019,1.5112855740922473,554,2.339350180505415,320,2.4831804281345566
13799000453185,56.724501840405075,173877,4972,1.2733306516492358,8127,2.3620031992125017,6004,2.6172852506331257
13799000453219,64.54213279319785,80589,2138,1.36155285313377,3094,2.3484162895927603,2532,2.589007391386614
13799000453227,58.862122864485414,188778,19418,1.599598310845607,13258,2.3966661638256146,6776,2.7155785448827903
13799000453235,58.08972794395482,145869,18917,1.7887085690119997,10859,2.413389814900083,5518,2.7052417505901536
13799000453250,52.45613533581078,34078,3225,1.7274418604651163,3010,2.358139534883721,1763,2.764278597953084
13799000453268,64.35420978310408,102703,1527,1.2213490504256712,3181,2.3454888399874254,3271,2.591807346202246
13799000453292,51.07147941630087,4412,628,1.8439490445859872,279,2.3010752688172045,117,2.598507462686567
13799000453326,57.286098690728,25490,1807,1.4311012728278916,1410,2.3680851063829786,941,2.530112721417069
13799000453334,61.568720036618565,13591,306,1.2450980392156863,482,2.3983402489626555,427,2.4504309372320745
13799000453383,63.19500811539281,96699,1737,1.2625215889464594,3104,2.3440721649484537,4040,2.644492331832546
13799000453391,62.57283836094362,118616,3062,1.32527759634226,4748,2.3656276326874472,3530,2.538319648244565
13799000453425,58.48573008664175,75986,4142,1.4200869145340416,3758,2.3791910590739755,2416,2.6299991393896613
13799000453441,53.20270408511219,14043,1976,2.049089068825911,900,2.3155555555555556,494,2.7486263736263736
13799000453466,54.19503669803989,78462,6512,1.7922297297297298,5920,2.3653716216216214,4125,2.698251492101451
13799000453474,53.936699309594005,99826,7737,1.6998836758433502,8103,2.3791188448722695,4338,2.683297467555424
13799000453490,53.48273045869473,26769,4134,2.0391872278664733,1495,2.323745819397993,861,2.6705327147656375
13799000453508,57.77620087965552,128083,16117,1.6104113668796922,8390,2.3854588796185934,4441,2.679199334172667
13799000453599,62.71168103829328,141533,4454,1.4405029187247418,6253,2.3724612186150646,4963,2.7026340091236314
13799000453607,59.08249119288231,29673,3525,1.632340425531915,2237,2.402771569065713,1212,2.81085926453252
13799000453656,52.58907165357698,34390,3458,1.8082706766917294,2682,2.3866517524235644,1321,2.604703384538529
13799000453664,56.467037174262074,147891,9724,1.3976758535582066,9177,2.3784461152882206,6480,2.658234069825899
13799000453672,54.45224126952726,49560,3113,1.3752007709604883,3337,2.361102786934372,2126,2.725181530119754
13799000453680,57.78235852169609,117030,7253,1.3954225837584449,6861,2.355196035563329,4439,2.6193861469127313
13799000453722,54.38998341625207,43630,3034,1.5019775873434411,2487,2.4041013268998794,1415,2.5979633760390453
13799000453755,55.13630724561172,11870,1859,1.7417966648735879,935,2.3411764705882354,438,2.582319957542054
13799000453839,63.842121264008334,99972,2219,1.3979269941415051,4070,2.363390663390663,3382,2.6355002675227395
13799000453862,53.312881940019835,91018,8836,1.7264599366229063,7705,2.3967553536664505,3774,2.63978314330427
13799000453870,55.79637207048153,45997,2319,1.3906856403622252,3182,2.372093023255814,1948,2.628036173250833
13799000453938,52.23817257261521,68076,6137,1.6542284503829232,5451,2.393138873601174,2838,2.6128768730817837
13799000453946,56.98313443321502,141502,10189,1.4247718127392286,8140,2.3550368550368552,4433,2.509250180112643
13799000453961,53.22114013314055,106021,9227,1.725804703587298,8054,2.3609386640178793,4555,2.6592748945503706
13799000453979,52.929284312889195,3080,216,1.8009259259259258,187,2.390374331550802,134,2.5780632411067192
13799000453995,63.750710628584464,209910,4081,1.3548149963244303,8148,2.3575110456553756,7509,2.7004083313240055
13799000454001,54.45430468516861,13647,1477,1.4827352742044686,977,2.404298874104401,566,2.6849250383661905
13799000454019,53.79189178099055,22239,3649,2.014798574952042,1813,2.7738554881412023,852,2.621812874032988
13799000454035,51.55146542646543,5769,550,1.4654545454545456,453,2.3200883002207506,261,2.568965517241379
13799000454050,52.34637683835409,56821,5880,1.7289115646258504,5100,2.4133333333333336,3110,2.7173055007301774
13799000454084,52.15334995056427,81936,5905,1.3215918712955124,5764,2.33587786259542,3631,2.520297413155519
13799000454100,53.86563112652692,3522,138,1.391304347826087,246,2.5,144,2.7074074074074073
13799000454126,54.95045599792444,87800,5691,1.4538745387453875,7808,2.4574795081967213,4208,2.8690224115238827
13799000454134,56.01284983893371,48678,3379,1.6862977212192956,3743,2.3780390061448036,2700,2.6869937346268054
13799000454142,50.74439694778475,6470,914,1.8402625820568927,379,2.311345646437995,281,2.509485513970512
13799000454159,53.76221821622634,104710,8523,1.687082013375572,7209,2.3703703703703702,4787,2.6793565045429144
13799000454167,59.400744400926186,204909,18853,1.57699039940593,11643,2.3925964098600017,6574,2.6988818092476627
13799000454175,54.913121506031516,84830,6088,1.646353482260184,5583,2.3743507075049255,3822,2.681078431372549
13799000454183,53.95256469696743,53266,4722,1.8547225751800085,4052,2.3862290227048373,2039,2.7050749406637786
13799000454209,53.959447632552674,49322,4168,1.677063339731286,3352,2.335620525059666,2046,2.652108840709252
13799000454308,53.5536817343836,89797,8239,1.7218108993809929,7589,2.396099617867967,4460,2.7478902362810906
13799000454324,53.79161465348788,71296,6318,1.7956631845520734,5111,2.35824691841127,3328,2.6498844561226527
13799000454357,54.12585284263234,100352,8147,1.6563152080520438,6473,2.371234358102889,3552,2.616468909314531
13799000454464,57.12454440164441,81718,7529,1.8258732899455439,3966,2.36434694906707,2981,2.6824117421481075
13799000454480,52.82271607554367,28937,1971,1.3784880771182142,1519,2.338380513495721,888,2.533518956045543
13799000454498,54.031947694124334,13818,1202,1.5016638935108153,1339,2.4271844660194173,411,2.656539714357304
13799000454514,54.75957302357389,56626,3926,1.3464085583290881,3468,2.400230680507497,2035,2.6466248830336214
13799000454530,54.36855505307091,21747,2561,1.9625146427176885,1330,2.306015037593985,627,2.574872376630743
13799000454639,49.04136070266522,45667,771,1.422827496757458,4045,2.2786155747836836,8810,2.3614080720490245
13799000454704,54.24732796925664,32646,1669,1.2522468544038345,1717,2.2987769365171813,995,2.529400185043013
13799000454720,52.113687972303914,14406,1238,1.6906300484652665,961,2.3548387096774195,633,2.660611402528162
13799000454738,54.299157590513715,116919,10459,1.8952098671001052,10404,2.4172433679354093,6072,2.7716519123104746
13799000454779,55.37542204549166,81169,7540,1.5295755968169762,5130,2.3923976608187134,3647,2.7868176880540965
13799000454811,59.40906342261587,31390,4353,1.7282334022513208,2320,2.450862068965517,1132,2.7809075505020653
13799000454837,55.03670418191629,151333,12496,1.5231274007682458,10387,2.350823144315009,4968,2.6139007769873954
13799000454969,53.43470441095723,106396,9342,1.7115178762577608,8553,2.3728516310066645,5258,2.712661084706621
13799000455024,52.672916470707094,73538,5214,1.3784042961258152,4894,2.318553330608909,3135,2.6137054170202285
13799000455065,54.65127511079267,32820,1416,1.1652542372881356,1594,2.36198243412798,1209,2.7002465907693503
13799000455081,53.013891883278184,55115,5174,1.826439891766525,4798,2.3876615256356817,2253,2.6838222439774833
13799000455149,54.03870186836606,26478,2026,1.751233958538993,2002,2.38011988011988,1037,2.6376505664877756
13799000455339,50.50748471431584,16331,1399,1.3423874195854182,1389,2.3722102231821456,696,2.6075682195085177
13799000455354,61.51485634462189,10673,1160,1.6836206896551724,583,2.358490566037736,343,2.6735568760611206
13799000455396,54.183338286792356,43393,3822,1.6909994767137624,3097,2.3858572812399097,1970,2.7045436972976464
13799000455529,53.054175490337386,95389,8343,1.6157257581205802,8403,2.38224443651077,4742,2.693611080477627
13799000455560,56.858046391822775,169092,8446,1.3282026995027232,10210,2.351126346718903,5189,2.614782230748479
13799000455586,53.99560998048384,61024,4716,1.7408821034775233,4380,2.3607305936073057,2695,2.6500762776506486
13799000455628,54.05793476266645,110572,7605,1.4787639710716634,6800,2.3663235294117646,4171,2.6136960950919867
13799000455644,57.35683715237744,179575,6559,1.3290135691416374,8701,2.3165153430640157,5983,2.5880126894399176
13799000455685,53.8900106362142,109635,9348,1.8080872913992299,8397,2.407764677861141,4560,2.6913686894313305
13799000456196,51.73449567500772,24254,2300,1.6982608695652175,1916,2.3502087682672235,789,2.5577542668059907
13799000456261,51.81190736591737,23699,3976,2.035211267605634,2102,2.450999048525214,565,2.79645584245956
13799000456295,59.413793546695324,134452,7309,1.5032152141195787,6852,2.338441330998249,4040,2.5559688146946087
13799000456311,51.323014733258866,5198,1008,1.8700396825396826,321,2.3146417445482865,273,2.741496598639456
13799000456378,62.29357570085258,25936,2668,1.7215142428785608,1478,2.352503382949932,867,2.7134023747202303
13799000456543,55.9917036817022,45221,5087,1.9508551208964027,2293,2.363279546445704,1654,2.697658628399631
13799000456808,59.13416881203947,186564,9398,1.3703979570121303,8910,2.3731762065095396,6913,2.6599866387840714
13799000456824,58.927531858591955,89480,2223,1.2802519118308593,3520,2.408806818181818,1110,2.4820528556132975
13799000456840,55.04113052925958,59972,10742,2.0548315025134984,3872,2.378357438016529,2959,2.6973357066169408
13799001651944,53.898567926432904,70820,5472,1.6036184210526316,4938,2.3272579991899556,2564,2.617529938032841
13799001651977,56.99145543940045,79507,6201,1.8411546524754072,6105,2.357903357903358,3101,2.808989465238258
13799001651993,58.523636615806026,191064,28491,1.7107858622020988,13717,2.3822264343515345,5553,2.677883727657471
13799001652017,58.037591804795895,83531,5899,1.6821495168672655,5695,2.4388059701492537,2939,2.621865910263022
13799001652025,54.66993250732813,94924,14077,2.00596718050721,5218,2.3744729781525487,3887,2.7537918104061205
13799001652033,55.62633036999937,78795,15067,2.0282737107586115,4294,2.3632976245924544,3869,2.795127068444776
13799001652041,60.45862274313058,139196,6256,1.5987851662404091,6939,2.376855454676466,3788,2.648453384657151
13799001652280,53.74019107957792,37306,3146,1.7972027972027973,3128,2.426470588235294,1783,2.635715490344886
13799001654237,54.44483702497103,80462,5106,1.5158636897767332,5701,2.352394316786529,3010,2.6174399591211035
13799001654252,56.38393507669113,102666,6869,1.5933905954287377,6207,2.3708715965845015,3710,2.6342050643420505
13799001654260,58.60828738800827,2890,113,1.2212389380530972,129,2.2635658914728682,96,2.292435973793925
13799001654286,55.58839768413788,6886,1051,2.0466222645099905,318,2.352201257861635,222,2.6774193548387095
13799001654328,56.953379370608154,132166,3037,1.2268686203490287,6344,2.312736443883985,4821,2.585814354168838
13799001654336,53.311039846723155,91359,7681,1.609816430152324,7299,2.379641046718729,4960,2.724784328918255
13799001654443,57.40339604939099,77637,9038,1.6960610754591723,5361,2.435553068457377,3201,2.816820558402627
13799001654567,61.61043117714452,20629,1502,1.5352862849533955,1037,2.437801350048216,768,2.8522107813446396
13799001654575,49.88010776829816,471,52,1.8461538461538463,14,2.142857142857143,13,2.775
13799001654864,60.42855539971949,129339,9693,1.4601258640255854,7849,2.3803032233405528,4556,2.6949497083968943
13799001656240,56.22665707778977,9064,1754,1.9692132269099203,761,2.4007884362680683,366,2.6482068965517245
13799001656448,55.32131223825035,1336,118,1.9830508474576272,51,2.215686274509804,44,2.796526054590571
13799001662958,59.38346513835942,132066,15455,1.6576512455516015,8766,2.4061145334245952,5246,2.7717788897619795
13799001663303,59.69853127221466,89863,11169,1.708031157668547,6261,2.404408241494969,3684,2.765532501283846
13799001663311,60.1200534312907,5914,365,1.7561643835616438,341,2.366568914956012,243,2.594564240790656
13799001663337,56.5004577640768,72970,3220,1.315527950310559,3817,2.340319622740372,2263,2.635328605013127
13799001663360,54.437140539209295,117050,7789,1.637309025548851,8437,2.3809410928054997,5372,2.747878563189982
13799001663378,54.97845411783465,17276,999,1.5515515515515514,968,2.3512396694214877,704,2.6102442301687185
13799001663394,53.765626364033174,97898,8677,1.7523337559064194,8048,2.3661779324055665,3967,2.646696723872123
13799001663402,56.840746951486715,54910,5337,1.7504215851602023,4641,2.3960353372118077,2622,2.9396429810958384
13799001663410,60.9542682077108,187046,18930,1.7405176967776017,9145,2.3806451612903228,6398,2.7520983673244546
13799001663428,54.1949831449534,95379,7909,1.6686053862688077,7090,2.3784203102961916,3814,2.6410128448946377
13799001663436,63.427042288421795,209165,9066,1.6083167879991176,7529,2.300305485456236,5927,2.6158180534653237
13799001663444,57.519173452143185,63339,1718,1.3527357392316648,2817,2.3585374511892083,1900,2.551324101068999
13799001663451,55.925573781016276,152777,13230,1.7122448979591838,9057,2.341724632880645,4808,2.6128482235239963
13799001663469,57.27233061719345,84742,3631,1.5397961993941063,4049,2.353173623116819,2538,2.551683061352135
13799001663477,59.88496935124438,133794,11995,1.6075864943726552,8213,2.3969316936563985,4619,2.6767793423529813
13799001663782,55.108777824443514,996,81,1.4567901234567902,82,2.451219512195122,24,2.1875
13799001663808,50.599687984139194,23958,1652,1.2161016949152543,1874,2.380469583778015,1498,2.663551401869159
13799001663832,55.31700638027656,142564,11793,1.736793012804206,10136,2.3804262036306234,6187,2.6734228588805657
13799001663840,54.14914380828602,23224,2147,1.7708430367955286,1624,2.3497536945812807,1065,2.69014598540146
13799001664012,52.64525896360847,76476,7166,1.6832263466368964,6767,2.4165804640165507,3138,2.609080602983042
13799001664129,58.234683113341916,190241,13042,1.4345192455144917,12196,2.35716628402755,6440,2.659953780125454
13799001664152,56.64225702212279,16467,1165,1.5905579399141632,1253,2.392657621707901,797,2.740140056022409
13799001664186,59.53939904817098,64956,4306,1.4482117974918718,3799,2.3703606212161095,2300,2.6681962025316457
13799001664194,59.08636849374665,180540,13679,1.504422837926749,10729,2.362475533600522,6344,2.665192426540817
13799001664210,53.59810527655035,55829,4603,1.6078644362372365,4212,2.418091168091168,3216,2.8324035166082044
13799001664228,51.37340396291947,8819,1062,1.6591337099811676,572,2.361888111888112,425,2.7333914520743923
13799001664236,57.95884622671868,119651,13626,1.6689417290474093,8414,2.390777275968624,4866,2.7331645969302363
13799001664277,54.35015307938768,81621,6736,1.618171021377672,5766,2.3312521678806797,3442,2.709075590173151
13799001664319,55.50999413833529,107044,7130,1.6364656381486675,5996,2.3655770513675782,3589,2.574805597136736
13799001664327,54.608657103635885,124509,11816,1.7359512525389302,9427,2.401188076800679,4525,2.6514522966910725
13799001664335,56.085881985204736,46176,2561,1.3908629441624365,2439,2.3284132841328415,1455,2.5672753669117743
13799001664368,61.18998330039374,128335,8865,1.6161308516638466,8211,2.3738886859091464,4497,2.7260321467214004
13799001664376,53.81483943473375,55559,4400,1.6854545454545455,3887,2.3995369179315666,2545,2.7055009406418695
13799001664434,56.29631911520516,41723,1537,1.528301886792453,2118,2.3748819641170917,1428,2.580288563895121
13799001665381,57.575945600164964,77355,9453,1.7981593145033323,6570,2.4095890410958902,2548,2.740908477897686
13799001665407,56.74476495832877,32162,1720,1.2686046511627906,2179,2.388251491509867,1362,2.715812530492763
13799001665563,56.57480915210926,91478,7408,1.7508099352051836,6150,2.377560975609756,3006,2.6694355438155912
13799001665753,52.422776321784475,64013,5458,1.596555514840601,5701,2.3767760042097876,3354,2.6861718071169247
13799001665837,58.842952363480705,120539,12239,1.603398970504126,7540,2.377188328912467,5363,2.765140074597478
13799001665878,52.4383027169337,64130,6774,1.8804251550044286,5899,2.405492456348534,2975,2.638612074933884
13799001667130,54.36147103048917,68986,4498,1.4648732770120054,7056,2.4509637188208617,2629,2.573636286589048
13799001667205,49.5330698646316,5202,516,1.8837209302325582,286,2.2202797202797204,166,2.5424242424242425
13799001667221,57.51015048105351,67947,3226,1.3071915685058897,3853,2.3402543472618738,2463,2.6100095982448925
13799001667239,55.111776854236254,10482,766,1.587467362924282,708,2.3502824858757063,355,2.4893077601410933
13799001667247,52.87983515489226,78146,4328,1.2830406654343807,5375,2.329674418604651,2868,2.528118031473846
13799001667254,55.90802231348537,85188,5928,1.5084345479082322,5011,2.3907403711833966,4556,2.819177150629038
13799001667262,62.650878322450104,87130,7043,1.7674286525628284,3572,2.3387458006718926,2362,2.78601880853288
13799001667338,59.38908001042481,12213,630,1.407936507936508,596,2.414429530201342,541,2.6977895392278954
13799001667346,53.503747979373024,76354,6159,1.568436434486118,5767,2.3724640194208426,3911,2.7766342079509005
13799001667361,58.31006184978084,94354,2453,1.418263350998777,5281,2.3718992615035033,3033,2.58816582577327
13799001667379,54.20251902582807,44032,3751,1.7320714476139696,3305,2.387594553706505,2156,2.6914149085961894
13799001667387,57.32241100323625,29143,2021,1.5685304304799603,1862,2.357142857142857,1265,2.770837270837271
13799001667395,53.7725030996005,77445,4599,1.3994346597086322,5965,2.3681475272422463,3014,2.7038900710456852
13799001667403,53.52453211641726,91086,5477,1.4947964213985758,6047,2.3395071936497436,3352,2.610432742833586
13799001667726,58.9181734457644,90776,10341,1.6034232666086452,6213,2.3936906486399483,3025,2.7644988476302097
13799001670761,61.63745089480576,8649,583,1.7907375643224699,347,2.2795389048991352,126,2.813186813186813
13799001672122,55.75519941277221,11945,660,1.6393939393939394,689,2.3454281567489113,409,2.6001105812426566
13799001675729,55.079518350388554,110488,7580,1.491688654353562,7486,2.3585359337429868,3847,2.6067053468008803
13799001675737,58.59194741523309,67784,4823,1.5092266224341695,3958,2.3516927741283475,2582,2.7639412416851443
13799001675794,51.9546875,12670,949,1.5310853530031612,1145,2.325764192139738,588,2.608535707983222
13799001675802,51.75501466184178,32228,3199,1.7314785870584557,2843,2.360182905381639,1882,2.752036692236028
13799001675828,56.1217290067552,46943,1738,1.4827387802071346,3035,2.3644151565074134,1863,2.6683640931490964
13799001675893,62.40625865031751,151220,13914,2.110967370993244,8852,2.424649796656123,5137,2.8718297591245356
13799001675950,55.05830391693875,84690,2554,1.2470634299138605,5174,2.335717046772323,2706,2.5934323921337477
13799001676008,57.67011385199241,20600,1192,1.3431208053691275,1260,2.3253968253968256,650,2.486874236874237
13799001676016,54.15892111741411,38620,3095,1.738610662358643,2772,2.3455988455988455,1795,2.714088008061807
13799001676032,54.07516675117227,69179,5223,1.7895845299636224,5123,2.3997657622486823,2957,2.71364529729387
13799001676404,58.35775947569287,92282,9459,1.7947986045036473,6351,2.4273342780664464,3084,2.7841790182842527
13799001676891,54.09834139199784,52920,4102,1.6757679180887373,4399,2.3639463514435097,2097,2.6380317461642484
13799001677113,53.61786833159287,60722,5814,1.806673546611627,4997,2.410446267760656,2492,2.6490570425250715
13799001677121,56.157940647482015,101995,3281,1.5184395001523925,5604,2.342969307637402,2780,2.5425065388075474
13799001677139,53.18771318099264,40885,3212,1.663760896637609,2856,2.3711484593837535,1949,2.7019464833767053
13799001678954,56.36874340431317,49077,5752,2.0399860917941584,3268,2.4960220318237454,2453,3.0927085358740034
13799001678970,61.84979062542212,208342,15772,2.130167385239665,9511,2.4364420145095154,5788,2.938271545431074
13799001678988,55.568655036578505,3317,295,2.166101694915254,184,2.4130434782608696,136,2.841666666666667
13799001678996,56.863479977219356,124905,5170,1.3299806576402322,6293,2.389639281741618,3158,2.5808890757369514
13799001679010,54.293402893526235,65144,5970,1.7882747068676716,4473,2.348088531187123,2973,2.7149048800661704
13799001679036,58.348928638740986,116148,12936,2.1280148423005567,7263,2.4484372848685116,4799,2.997410188567409
13799001679044,54.10280721925783,33028,2919,1.8067831449126412,2642,2.374337623012869,1467,2.6795119528563323
13799001679069,53.603584236492246,27659,1945,1.7069408740359897,1940,2.381958762886598,1307,2.6828538092333805
13799001679085,67.43636069566541,41818,816,1.5931372549019607,1336,2.3293413173652695,1648,2.6984949666101867
13799001679119,63.33865581513843,117392,11419,2.1379280147123216,6890,2.439912917271408,3927,2.9686144665180305
13799001711664,53.996904105516016,100658,8015,1.6689956331877729,7965,2.371500313873195,4071,2.7014346685572495
13799001711698,55.42723835686269,158260,9828,1.3667073667073668,8273,2.388976187598211,5659,2.6106939007194443
13799001711987,54.25278109214578,77467,5337,1.353944163387671,4614,2.368010403120936,3386,2.6643668150297772
13799001712001,68.67903599678188,101949,1806,1.5193798449612403,2946,2.3509843856076036,3459,2.650283260233918
13799001712019,52.53959069161594,31220,2106,1.3409306742640077,1978,2.3640040444893833,1173,2.6027789627643365
13799001712027,55.72314040871992,92980,6417,1.3899018232819074,5161,2.352257314473939,3133,2.6010479286270596
13799001712084,67.74966653189992,249215,4628,1.5583405358686258,8340,2.3838129496402876,11397,2.7090186837858816
13799001712837,58.93403938381049,20012,1153,1.471812662619254,960,2.3,637,2.6474850518051944
13799001713223,55.37378071565709,88583,6127,1.6606822262118492,5774,2.3607551091098027,3798,2.7028281730508463
13799001713462,56.910386066297455,53960,7778,1.7775777834919002,4405,2.419750283768445,2418,2.8034558455033776
13799001732686,54.5249556509299,46536,3116,1.7731065468549423,2454,2.363080684596577,1303,2.5726485167626665
13799001741687,55.303527044620665,15719,728,1.5164835164835164,988,2.324898785425101,450,2.5791750578056236
13799001741695,54.774736253196934,66822,3431,1.3013698630136987,4403,2.3527140585964115,2668,2.6057013515512395
13799001741703,53.08546352804417,43998,3105,1.4962962962962962,2810,2.3615658362989325,1902,2.591696241184776
13799001741729,54.08763683436601,21450,2585,1.9470019342359768,1497,2.364729458917836,1062,2.71928426543031
13799001741794,53.17152120551829,20234,1768,1.6764705882352942,1474,2.3480325644504747,966,2.7288893379474097
13799001741851,54.153815197328456,70625,5289,1.6314993382491965,4719,2.3685102776011866,3256,2.702007919709051
13799001741943,54.33037924117029,63696,4366,1.5721484196060467,4528,2.381404593639576,2966,2.656996847179955
13799001741968,51.40747386121314,25476,2544,1.7441037735849056,2370,2.4,1021,2.5681962864721486
13799001741984,57.4686178494654,137828,6097,1.2702968673117927,7585,2.3843111404087014,5258,2.6037934743088735
13799001742339,52.54975292545914,34282,2596,1.4634052388289676,2749,2.4754456165878502,1331,2.569589738414791
13799001742446,53.89735971636263,12256,1022,1.5362035225048924,688,2.3401162790697674,471,2.5762032085561497
13799001742453,52.91618462248467,50859,4630,1.7267818574514038,3777,2.384696849351337,2366,2.610573289498365
13799001742685,53.60977094631956,48163,4375,1.6793142857142858,3532,2.3485277463193657,1771,2.6204932350415966
13799001743022,55.27374986132348,61336,4599,1.5094585779517287,4128,2.4064922480620154,2780,2.763136725135501
13799001743055,54.70269234454345,8609,629,1.5930047694753577,562,2.329181494661922,403,2.6376509661835748
13799001743303,54.13864710789766,74604,5838,1.6277834874957178,5959,2.3797617049840576,3102,2.655886608982896
13799001743360,58.523873232159204,197045,17828,1.763686336100516,14990,2.4396931287525017,9011,2.817432632777079
13799001743394,56.64606243223835,20438,966,1.5062111801242235,1256,2.4036624203821657,706,2.783780279836048
13799001743410,56.50722956087112,38473,1538,1.3094928478543564,1819,2.298515667949423,1292,2.570388370429732
13799001743634,53.06547584527055,111133,10222,1.6697319506945802,9835,2.418403660396543,5904,2.7176516655851195
13799001754441,55.36717860850207,94282,4230,1.3070921985815602,4868,2.3377156943303206,3293,2.5584938158932466
13799001758541,59.82398027495819,68406,4060,1.446305418719212,3203,2.363409303777708,1925,2.651991833343104
13799001758582,57.57546446182199,31869,2551,1.7463739709917678,1696,2.3319575471698113,1183,2.613005766253398
13799001758590,58.509175711363284,201846,24222,1.7184790686153084,13279,2.392424128322916,6551,2.6965993755310826
13799001758616,55.87994322631167,35323,4586,1.952464020933275,3260,2.542944785276074,1663,2.7967661985129233
13799001758640,58.42939358600583,61998,6086,1.6904370686822214,4811,2.4441903970068592,2608,2.794916724623161
13799001758657,54.11332818650096,107504,14182,1.9407699901283317,7257,2.3929998622020117,3772,2.620965749398722
13799001758681,60.14103614609712,102804,9267,1.7262328693212474,5975,2.383430962343096,3791,2.740651091064467
13799001758749,55.44594177864325,145030,13075,1.8647801147227534,8986,2.3656799465835743,5613,2.663528825497754
13799001758780,57.54823561312906,135968,8934,1.6289456010745467,6919,2.3477381124439947,4241,2.6410545115701196
13799001759457,59.787143238196855,1594,212,1.9622641509433962,130,2.4076923076923076,41,2.424242424242424
13799001759713,56.919791936953516,57729,8656,1.8049907578558226,4986,2.3945046129161653,2508,2.768795253868389
13799001759820,68.25116045153968,116168,1747,1.4733829421866056,3608,2.3658536585365852,4029,2.650190753380027
13799001759887,62.97644181256437,69320,6163,1.727892260262859,2864,2.3512569832402233,2106,2.7264940583131407
13799001760141,56.643455806210596,132968,11059,1.5460710733339362,9196,2.3903871248368858,5456,2.726549081869433
13799001760208,58.37654244272562,225402,24910,1.7261340826977118,15970,2.393425172197871,9523,2.8163429695191127
13799001760216,53.1437814089254,17904,1457,1.6870281400137268,1657,2.4224502112251054,968,2.687751835292819
13799001760224,58.69475700143007,149625,13288,1.6633804936785068,11814,2.463348569493821,5467,2.7839405232046737
13799001760257,53.71830705724375,31967,2194,1.5546946216955333,2049,2.4143484626647145,1267,2.6497736770752804
13799001760380,59.4535459911768,203916,12266,1.423039295613892,10787,2.359877630481135,6344,2.6360760080113472
13799001760398,53.75704264636153,38693,2722,1.5852314474650993,2946,2.3727087576374744,1934,2.714930229914457
13799001760935,56.322671476257135,56577,4839,1.728249638355032,2375,2.3393684210526318,2028,2.6843600624329333
13799001760950,51.90327063498836,21075,3169,2.029031240138845,1267,2.303867403314917,552,2.5354166666666664
13799001760976,55.033198349423344,54995,5864,1.8777285129604366,3206,2.3543356207111668,2203,2.705904536516017
13799001760984,55.35036339627908,28534,2694,1.7672605790645879,1650,2.303030303030303,791,2.5016344605475043
13799001760992,55.924097135859554,171759,14849,1.9717826116236783,11363,2.3647804277039515,6860,2.654519585883022
13799001761008,57.784307240899146,144768,18545,1.7190078188190887,10573,2.4063179797597654,5490,2.70083446577204
13799001761016,59.3760404550153,145569,12610,1.6870737509912768,8258,2.3689755388713976,5678,2.7458872396324345
13799001761032,58.41068836931538,98949,5470,1.5027422303473492,5047,2.349118288091936,3244,2.6754990627273236
13799001761040,57.14931371833248,184415,16617,2.014984654269724,10669,2.3656387665198237,5845,2.6556766432388326
13799001761057,53.95176975860196,11560,1372,1.8644314868804666,598,2.347826086956522,475,2.740952380952381
13799001761073,60.29704573047349,554,26,1.7692307692307692,15,2.4,12,2.2
13799001761107,53.93025100049795,14206,2568,2.0381619937694704,839,2.365911799761621,538,2.6202410788876955
13799001761115,58.194092920166106,202082,11610,1.5808785529715763,10073,2.3855852278367915,6145,2.6387615393913944
13799001761123,43.97308488612836,119,12,1.9166666666666667,16,2.3125,4,2.333333333333333
13799001761354,53.26198655339031,93828,10985,1.7899863450159308,6084,2.3504273504273505,4532,2.682803884900766
13799001761362,56.80425405953992,7096,761,1.997371879106439,392,2.354591836734694,236,2.4826818957205368
13799001761370,53.925030004311296,23611,4957,2.0994553157151503,1504,2.3816489361702127,1008,2.7872660528374555
13799001761396,59.03114339626149,81675,6213,1.532271044583937,5293,2.376912903835254,2564,2.60271902400277
13799001761438,55.733794647787555,84224,4038,1.4420505200594353,5209,2.3453637934344402,2479,2.5940971942302125
13799001761446,55.94362809212397,51442,7776,1.9540895061728396,2916,2.325788751714678,2140,2.651303546457634
13799001761453,54.52585724708171,50207,4167,1.6493880489560835,3227,2.3464518128292533,2383,2.6364468157734606
13799001761503,60.415789862750415,30293,1960,1.4877551020408164,1823,2.4503565551289084,865,2.5831233497703243
13799001761545,57.862782613249884,226993,23348,1.7816943635429159,14709,2.3885376300224355,8156,2.700735183247758
13799001761552,54.89727286120825,76771,6074,1.603226868620349,5146,2.4329576369996113,3856,2.721691462433773
13799001761602,55.0300916350583,45104,2013,1.3452558370591157,2651,2.3923047906450394,1609,2.512232912846637
13799001761750,56.58623315678257,48643,3310,1.6386706948640484,2616,2.33868501529052,1491,2.6268335015136226
13799001761768,54.95617398102627,101725,19764,2.1431896377251567,6453,2.366496203316287,3723,2.769125572585616
13799001761859,56.9323846377897,29884,5080,2.1381889763779527,2112,2.3418560606060606,1002,2.6694104470013236
13799001761891,55.667426125528834,148523,12693,1.8901756873867486,9408,2.388073979591837,4880,2.6314113597246127
13799001761917,55.76654286138761,9251,1015,1.9428571428571428,696,2.3017241379310347,244,2.4721893491124263
13799001762006,55.13696110780548,6081,670,1.9268656716417911,420,2.3190476190476192,197,2.6203703703703702
13799001762030,52.3719524901021,1144,119,1.865546218487395,62,2.225806451612903,29,2.5
13799001763004,53.04414897814251,22031,2810,1.909964412811388,1602,2.3776529338327093,943,2.7419385513640986
13799001763921,53.345494752946756,97388,8369,1.7013980164894253,8022,2.3912989279481427,4391,2.6913604679288428
13799001763939,57.677188721732605,112632,11876,2.1096328730212193,6077,2.44182985025506,4142,2.882062755120435
13799001763947,67.38458939119798,187830,3304,1.4939467312348669,6015,2.3331670822942643,7130,2.7036418134593845
13799001763954,54.49742355448246,111388,7615,1.6164149704530533,8074,2.3474114441416893,4355,2.6825021180202517
13799001763962,62.246978863620576,213613,19089,2.086070511813086,10798,2.3886830894610114,7322,2.866883175716311
13799001763970,53.53774139070416,42781,3031,1.5480039590894095,3322,2.397652016857315,1660,2.6735426367300326
13799001764010,54.67687074829932,369,3,2.0,1,2.0,1,1
13799001764028,53.57838308107624,103551,8355,1.75475763016158,8172,2.373592755751346,3407,2.61258040262574
13799001764044,59.28077169779895,209497,13960,1.6217765042979944,11939,2.409079487394254,6614,2.701302658354354
13799001764069,53.786447008336154,92328,7926,1.5990411304567247,7861,2.4163592418267394,4046,2.6516616249455787
13799001764077,55.831384984894825,50760,3392,1.4534198113207548,3268,2.4256425948592413,2270,2.8480002098229282
13799001764085,56.22679089374481,171843,9954,1.3078159533855735,10143,2.3411219560287884,6740,2.6670090991430797
13799001764093,54.811078585008474,71427,4336,1.3325645756457565,4351,2.3465869914962076,3144,2.578469502421772
13799001764101,55.788408590673875,114781,7090,1.413540197461213,7275,2.3858419243986253,5620,2.759358089132416
13799001764127,55.53649814359865,84574,4778,1.3758894935119297,5297,2.328676609401548,2879,2.601614332165876
13799001764135,56.539668867996504,191813,9512,1.2858494533221194,11419,2.362028198616341,6980,2.597368149840775
13799001764143,55.700579328287866,56279,7278,1.6011266831547128,4068,2.4063421828908553,2810,2.767535584717857
13799001764168,56.948359895787476,61289,6038,2.0558131831732362,2892,2.3651452282157677,2193,2.84258592608644
13799001764184,54.83275472811227,99095,6991,1.4241167214990702,5783,2.3501642745979594,3600,2.580351827345374
13799001764416,55.707832125970405,150511,6931,1.5491271100851247,8460,2.34822695035461,4600,2.5815489602311015
13799001764614,58.55831158950134,70301,3168,1.4327651515151516,3705,2.364102564102564,2419,2.7043318103726377
13799001764622,52.27764701926633,14575,673,1.2436849925705795,882,2.3718820861678003,697,2.738451038149292
13799001765017,60.671426890954,112625,7542,1.4012198355873773,7856,2.5170570264765786,3874,2.6648414465559798
13799001765058,55.062478237903825,123995,5191,1.3319206318628396,7940,2.3534005037783374,4344,2.5891514697191775
13799001765215,68.61537018676813,15424,244,1.5573770491803278,567,2.3950617283950617,640,2.593139553055165
13799001767591,63.28803267588406,17303,1245,1.8666666666666667,537,2.3054003724394785,431,2.565459347292964
13799001767617,57.50938956957912,144930,7159,1.2623271406621037,8237,2.345999757193153,4646,2.537622304124463
13799001767732,58.01783854166667,49221,3752,1.7153518123667377,3376,2.3779620853080567,1636,2.7043999900845295
13799001767781,53.286211749523,92921,7213,1.5711909053098572,6781,2.3464090842058694,4235,2.6152291125974276
13799001767898,56.752365726284786,96065,5113,1.4543320946606688,5704,2.3357293127629735,2847,2.5775157655165875
13799001768375,62.035185164613395,109582,11702,2.1486070757135534,6833,2.4377286696912046,4168,2.9657712204269138
13799001768482,68.1949479945301,254595,3557,1.4523474838346921,8481,2.3353378139370355,9966,2.6932514499144125
13799001768524,54.54757195958826,21533,2327,1.9394069617533305,1127,2.302573203194321,906,2.78081670547768
13799001768532,51.95259275529442,41737,3041,1.261098322920092,2571,2.3286658887592377,1821,2.573004096687455
13799001768540,54.35934494789104,46002,1929,1.3089683773976153,2541,2.331365604092877,2093,2.6233082706766915
13799001768557,56.01167994760397,38351,4240,2.091509433962264,2551,2.4641317130537046,1342,2.8078295065574403
13799001768565,58.47389161610768,104479,10529,2.1027637952322156,6159,2.465335281701575,4061,2.909780056186645
13799001768573,58.99883909914093,25664,1658,1.5500603136308806,1441,2.3969465648854964,759,2.6666026694518257
13799001768581,57.87182646722823,118135,12193,2.0747150004100714,7141,2.4387340708584233,4982,2.948410451678927
13799001768607,56.8587346842451,50540,10242,2.0165006834602615,3419,2.377595788242176,2486,2.8151125906220864
13799001768623,53.790617031359304,36307,2778,1.6749460043196545,2640,2.3621212121212123,1462,2.6191914354734007
13799001768664,61.489722306335835,41538,3081,1.5777345017851347,2204,2.398366606170599,1258,2.6738788564405525
13799001768672,55.537594466221705,133157,7878,1.5516628585935517,8814,2.3356024506466984,5196,2.6286107218929633
13799001768680,60.3100038541976,177477,17778,2.118854764315446,10165,2.4700442695523854,6786,2.975628187106488
13799001768771,67.935606427695,243899,3566,1.5117779024116658,7322,2.343485386506419,9081,2.6798942218203847
13799001768805,52.35487490958601,55597,7393,1.5525497091843636,5759,2.34832436186838,3651,2.708993447753166
13799001768912,59.41190245016848,18850,1333,2.0495123780945237,988,2.395748987854251,466,2.868958818958819
13799001768946,53.51508915806744,105367,8904,1.599056603773585,7617,2.3830904555599317,5372,2.6992756959174793
13799001769019,53.72475056594282,97266,7413,1.6972885471469041,7201,2.361060963755034,4304,2.7186928695347925
13799001769027,56.06537150529234,166113,8247,1.280950648720747,8376,2.3572110792741165,5200,2.553213909378293
13799001769050,53.735858739176315,35457,2369,1.5339805825242718,2578,2.4030256012412723,1777,2.762569232065011
13799001769068,60.73162175535872,232362,16215,1.4993524514338576,11544,2.3714483714483716,6097,2.6034594460717537
13799001769274,56.70897220753546,66114,8074,1.9041367351994054,4082,2.4125428711415973,2068,2.7822903910179813
13799001769290,59.59598030454362,18891,1506,1.4667994687915007,1054,2.333965844402277,479,2.7195004803073966
13799001769308,57.297137212923,213346,30978,1.6737361998837885,15811,2.4012396432863197,8391,2.7674166307473747
13799001769340,57.1323974901397,195133,26089,1.727739660393269,13616,2.404670975323149,7974,2.67149331833065
13799001769357,56.744353289757754,20623,1786,1.7474804031354982,1121,2.375557537912578,878,2.719409422694094
13799001769365,56.639525473431654,70436,4642,1.5400689358035329,4388,2.4339106654512306,2818,2.6946931840512525
13799001769415,54.06879435198461,34567,3279,1.8039036291552302,2100,2.3523809523809525,1512,2.7143372780508894
13799001769431,56.4158439663006,166723,15459,2.004398732130151,13214,2.388527319509611,6883,2.6880989258943595
13799001769449,54.240668190227446,19544,1661,1.5653220951234197,1305,2.3938697318007662,634,2.6003045923149015
13799001769456,56.959703300958964,174359,13458,1.8768019022142963,10394,2.33644410236675,5529,2.598637941006362
13799001769472,53.52697795459304,46651,4285,1.832438739789965,3840,2.4018229166666667,2439,2.7880917056238275
13799001769498,64.68383341099563,216321,3278,1.2669310555216595,8248,2.353661493695441,7162,2.621394676616082
13799001769506,55.23667418783511,10458,308,1.3603896103896105,367,2.3896457765667574,183,2.5414160743575724
13799001769514,68.41539756992283,262442,4553,1.4957171095980673,7372,2.344275637547477,8916,2.6778510056358966
13799001769571,54.09703809720184,44639,3858,1.7045101088646968,3245,2.36979969183359,1880,2.654021337395652
13799001769597,53.80738341094688,58382,4082,1.5962763351298384,3781,2.342237503306004,2280,2.6828466629103
13799001769621,53.26138706539494,85329,7804,1.6818298308559714,6352,2.3729534005037785,4373,2.7778147307143968
13799001769639,53.872612531527665,78944,4166,1.6197791646663466,2716,2.3350515463917527,3081,2.6389482076936943
13799001769670,53.93842238895712,94216,5213,1.464799539612507,6427,2.3731134277267776,3785,2.650730050658864
13799001769688,58.9129107707836,153765,16052,1.643845003737852,8808,2.384763851044505,5330,2.705044356123493
13799001769696,54.41595723014257,106928,8252,1.7394571013087736,8857,2.3647962063904258,4462,2.6528065839043378
13799001769720,53.397992889454216,88527,7580,1.654485488126649,5812,2.386785960082588,3780,2.695918114143921
13799001769738,52.109787899602445,89505,8945,1.6572386808272779,6889,2.3531717230367253,3167,2.703651860531749
13799001769761,56.731582488060795,128108,10060,1.5159045725646123,8562,2.3895117963092734,5852,2.731774631774632
13799001769787,51.20535593613037,23727,1661,1.4599638771824202,1406,2.3015647226173543,714,2.510397331649911
13799001769837,58.10259744598613,138001,9014,1.5110938540048813,8768,2.410241788321168,5671,2.743351789956212
13799001769928,54.75369131853575,69620,3867,1.508404447892423,3860,2.3525906735751296,2749,2.6619620526555803
13799001769951,52.98422779718429,15733,1280,1.6890625,1193,2.343671416596815,792,2.643017408123791
13799001769977,53.38316153436196,21419,2194,1.5765724703737465,1329,2.3581640331075997,741,2.502958579881657
13799001770173,55.3482455752457,99950,4974,1.4873341375150784,6176,2.383905440414508,4450,2.6453261651284237
13799001770181,55.86776802407672,73501,3614,1.399557277255119,4436,2.3911181244364292,3329,2.7762854422570333
13799001770199,53.76573410242638,44726,3974,1.7008052340211375,3579,2.398435317127689,2205,2.7239215043936467
13799001770264,53.7161196267419,49419,4224,1.4990530303030303,3652,2.3329682365826945,2047,2.635551369514306
13799001770298,50.46741981253762,19760,2623,1.839115516584064,1380,2.322463768115942,745,2.7479169257555034
13799001770504,56.17240487686972,112868,7356,1.5084284937466015,7681,2.44265069652389,5689,2.8599794610629026
13799001770520,56.43500654671436,178945,11619,1.6781134348911266,11011,2.380710198892017,5525,2.632175465106966
13799001770538,52.37268572798283,48217,4517,1.7524905911002877,4120,2.3728155339805825,2230,2.6613437957469674
13799001770553,54.91767663417899,52999,6856,1.7107642940490082,3737,2.374096869146374,2439,2.7707179910973654
13799001770561,53.66072509115358,103895,7498,1.61683115497466,7574,2.37509902297333,4998,2.734671824995128
13799001770595,57.52032030796945,141308,10733,1.5198919221093823,9652,2.3927683381682554,5456,2.70737988923121
13799001770652,55.231366535222236,21493,2051,1.8527547537786446,1551,2.4094132817537073,902,2.6589473684210523
13799001770660,56.9237919868179,158912,5430,1.4604051565377532,8744,2.3693961573650504,4708,2.633250825353727
13799001770678,54.80152708999098,11666,755,1.6993377483443708,686,2.348396501457726,495,2.9869683257918553
13799001770751,56.03378694551879,64296,7202,1.7132740905304082,5015,2.392622133599202,2533,2.697506940744272
13799001770769,54.72712326284379,86098,6504,1.6891143911439115,7027,2.394336132062046,3240,2.7545735892434555
13799001770793,56.65832236991335,106743,6120,1.50359477124183,6046,2.3776050281177636,4420,2.6784677318613577
13799001770801,55.873123349959634,63445,9672,2.1362696443341607,5125,2.466341463414634,2626,2.8348867336993986
13799001770827,58.55306395667255,30594,953,1.1511017838405038,1282,2.354134165366615,1049,2.5757896281969366
13799001770835,55.61018356824853,144698,8181,1.5126512651265127,8803,2.356469385436783,6022,2.6681482687182614
13799001770843,58.039017518974376,66958,4658,1.4759553456419063,4060,2.3588669950738916,2318,2.670569000957668
13799001770850,56.159870013595516,93327,10531,1.7036368815876934,7245,2.4175293305728087,4028,2.6939792768259503
13799001772542,54.35891898065826,101623,7715,1.7311730395333766,6736,2.3641627078384797,3825,2.651487960554779
13799001772690,58.84511814412285,109714,13840,1.759393063583815,7149,2.3878864176807943,4778,2.759907349343549
13799001772971,52.66932980718317,86057,6696,1.5851254480286738,5759,2.338253168952943,3426,2.6236462807891376
13799001773037,54.6478153662227,63558,4541,1.4410922704250164,3928,2.3938391038696536,3174,2.808786577246882
13799001773268,56.758237737839906,117846,11846,1.6163261860543643,7368,2.385586319218241,4981,2.788617003318663
13799001773342,55.87825176837386,97829,8209,1.4618102083079547,6072,2.429183135704875,4812,2.896561714484191
13799001773367,53.099683865296186,30277,2719,1.6914306730415594,2081,2.3546371936568957,1403,2.682529794149512
13799001773417,54.476372742728486,127485,7347,1.3069279978222403,7179,2.34517342248224,4236,2.5367191920346395
13799001773441,56.765257466632086,78710,5198,1.669488264717199,4699,2.3709299851032135,2766,2.6634146694375564
13799001773854,53.16731431674331,46956,3834,1.6961398017736047,3302,2.3855239248940037,2508,2.7048248807524855
13799001774068,63.18086543526653,91911,5564,1.5762041696621136,5222,2.419954040597472,3345,2.740836657945123
13799001774076,55.113128664374244,11823,658,1.2249240121580547,657,2.4140030441400304,400,2.696872616323417
13799001774084,58.113285987655985,53462,4868,1.682415776499589,3206,2.3939488459139113,2092,2.740706144114533
13799001774175,55.71046675292963,156561,10244,1.470714564623194,9140,2.3477024070021884,6005,2.627936060562738
13799001774183,51.88005886681383,13856,1227,1.60880195599022,1126,2.3161634103019537,644,2.6316061506654607
13799001774209,60.40145465130165,99455,10236,2.1495701445877295,6223,2.465209705929616,3669,3.043440838847299
13799001774217,53.89227688891316,76468,3852,1.2718068535825544,5113,2.3207510267944453,3635,2.6777443151845173
13799001774225,68.19222664092878,215194,3678,1.5271886895051658,6636,2.309975889089813,7293,2.683560965142185
13799001774233,54.622111493102395,24662,1889,1.668078348332451,1693,2.3372711163614883,1054,2.8319771150240642
13799001774266,60.928118946144906,123042,9275,1.5842587601078166,6847,2.4051409376369213,3525,2.657479942279082
13799001774316,68.47147444426703,112017,2509,1.601833399760861,3160,2.301898734177215,3496,2.639360027976919
13799001774381,55.938526250533606,110756,6431,1.5509252060332763,6373,2.3306135258120193,3747,2.5853293905594956
13799001774506,57.863808903161654,96940,7897,2.030771178928707,4871,2.411825087251078,2975,2.9985520859992483
13799001774563,61.19392553579196,130904,10987,1.5486484026576863,7848,2.390672782874618,4905,2.734484990878184
13799001774571,53.099887614665406,44343,3079,1.322507307567392,2689,2.3369282261063593,1826,2.535854997009885
13799001774787,56.04365881102318,43842,2772,1.5591630591630592,3149,2.379167989838044,1778,2.651078787878788
13799001777426,54.10679121668483,91033,4030,1.2836228287841192,5445,2.3302112029384756,3413,2.734296019300162
13799001778432,54.82585431731542,31893,110,1.1545454545454545,1663,2.3343355381840047,1180,2.645101127320955
13799001778648,55.37174483646766,29124,2163,1.3601479426722145,2138,2.3475210477081383,1210,2.6552738336713997
13799001778663,50.93629348690477,28588,3509,1.8689085209461385,2414,2.3541839270919636,1090,2.5869265579449396
13799001779018,57.31870480814905,60728,2119,1.4596507786691835,3354,2.3789505068574837,1830,2.5663481097570378
13799001780230,54.219305984414056,27426,653,1.1791730474732005,1285,2.3019455252918286,840,2.55013962934755
13799001780503,57.78417654035533,54592,2315,1.208207343412527,2529,2.3629893238434163,1713,2.525662778366914
13799001780511,51.190393698656095,17592,1953,1.737327188940092,1678,2.402264600715137,965,2.6895161676876325
13799001780529,59.90446792215974,158626,9215,1.4829083016820401,9451,2.386096709342927,6158,2.761256835014418
13799001780545,61.90059961090624,115484,12948,1.8297034291010195,5742,2.3484848484848486,3472,2.706650512965923
13799001780610,53.916342401495655,48555,4348,1.7626494940202393,3976,2.3893360160965793,2077,2.6703486109309265
13799001780628,54.445674558929625,20283,1270,1.5047244094488188,1408,2.323153409090909,914,2.6948632161282733
13799001780636,62.38602021772495,141774,13816,1.7714968152866242,7025,2.349039145907473,5318,2.7841505837373743
13799001780842,55.55947999981894,134680,5806,1.3410265242852222,7686,2.346864428831642,4822,2.6027124919645717
13799001780859,61.28009240720776,62974,2989,1.6383405821344932,4547,2.5359577743567185,1797,2.717999759361506
13799001780941,54.12217967220611,37238,3317,1.7823334338257462,2653,2.385601206181681,1450,2.6571428571428575
13799001781469,56.820752382743294,29676,1240,1.446774193548387,1752,2.3789954337899544,1162,2.686626983020604
13799001781501,53.11658490792043,92321,8855,1.7501976284584981,7978,2.4118826773627475,4474,2.6888241691936843
13799001782723,53.336109542631284,51757,3906,1.6303123399897594,3984,2.3802710843373496,2620,2.6921375390196576
13799001782731,49.40333338769386,14872,2034,1.7974434611602754,1222,2.3338788870703766,757,2.624598781225287
13799001782814,52.57054526126513,92690,9965,1.8051179126944306,8263,2.4048166525475008,4214,2.6813770057200577
13799001782830,54.6458067262665,2924,308,1.6818181818181819,200,2.42,118,2.676829268292683
13799001783119,52.969784016425805,26094,1636,1.4315403422982884,1295,2.349034749034749,955,2.677904438515644
13799001784430,54.128469262221856,115536,9335,1.6538832351365829,8130,2.3623616236162364,4050,2.6185295903283707
13799001784448,58.87485808829741,179868,13412,1.4753951685058158,9666,2.3661286985309333,6217,2.634748280524037
13799001784471,59.95999723916588,224725,16579,1.5726521503106339,11799,2.367234511399271,8111,2.6944519087872445
13799001784968,53.52744211093161,23792,1780,1.5719101123595505,1968,2.355691056910569,1062,2.6087569050532013
13799001784976,58.07350752998467,59365,5936,2.0734501347708894,3218,2.480422622747048,2314,2.9203778427670626
13799001785031,54.499089961725566,58149,3048,1.4245406824146982,4058,2.4211434204041398,2594,2.8017758209502843
13799001785049,52.11364314700877,45964,5206,1.730311179408375,3825,2.368888888888889,2387,2.6896890676549012
13799001785056,53.59232660963294,85977,7576,1.7519799366420274,6702,2.3718293046851686,3530,2.6946659725732203
13799001785098,55.85332236913919,42789,2391,1.4052697616060226,2611,2.3780160857908847,1687,2.6550891713469307
13799001785114,59.73255677998305,129952,5509,1.4445452895262298,5596,2.373302358827734,4211,2.806106417943976
13799001785205,56.329499101527404,147849,11764,1.504590275416525,7802,2.3920789541143295,5829,2.6722734450424284
13799001785270,55.687075766275235,78859,8433,1.5637376971421795,5370,2.4054003724394786,3747,2.798058812223717
13799001785288,66.10872914610366,29759,312,1.3717948717948718,1020,2.3372549019607844,1047,2.5547845898922947
13799001785403,54.19486603626903,53662,3350,1.588358208955224,3670,2.3811989100817437,2591,2.785921112416554
13799001785890,52.896421751209544,90179,8387,1.7012042446643616,8371,2.3774937283478677,4788,2.716408271206893
13799001785916,56.21021537307368,20724,1060,1.6037735849056605,1319,2.304776345716452,821,2.5997248067094745
13799001786328,57.755798090040926,31295,2305,1.4776572668112797,1820,2.3807692307692307,1380,2.7516458146983958
13799001787011,54.60005476826179,17253,1756,1.7238041002277904,1529,2.3989535644211903,712,2.8572682046570153
13799001787078,54.29973180348833,33146,4236,1.6999527856468366,2538,2.408983451536643,1871,2.844288368636195
13799001787128,53.7103017506818,22080,2016,1.6021825396825398,1664,2.363581730769231,821,2.6160112925993144
13799001787136,60.277408902581534,11198,463,1.6069114470842332,495,2.3777777777777778,223,2.5721153846153846
13799001787144,56.2991758001728,163863,7811,1.4013570605556267,8853,2.3597650513950073,6062,2.597955624315998
13799001787151,56.903380144420325,15576,1209,1.5244003308519438,967,2.3712512926577043,617,2.6345533898725386
13799001787169,54.918163154541375,10434,804,1.6679104477611941,693,2.3333333333333335,398,2.6024684270952925
13799001787193,51.41895325203252,15885,696,1.3074712643678161,1259,2.3542494042891184,812,2.559687578735198
13799001787243,48.62559185884903,8587,1281,1.8821233411397347,797,2.3036386449184443,331,2.646252728595683
13799001787250,58.56870520568874,30188,1643,1.4211807668898357,1852,2.3898488120950323,1143,2.622042912158445
13799001787276,56.94036645919295,44830,2304,1.6558159722222223,2200,2.4154545454545455,1587,2.7226264418811
13799001787292,60.96330581105729,138694,10010,1.5267732267732268,8098,2.4083724376389233,4644,2.653462420084084
13799001787565,62.92347041510985,200021,19548,1.8018723143032536,9251,2.328396930061615,6048,2.7663960471809546
13799001787714,55.06754928720654,34502,1846,1.5346695557963164,1662,2.302647412755716,1071,2.6289009553360003
13799001787722,59.21038677612678,36069,1119,1.453976764968722,1673,2.3263598326359833,995,2.6662103704281064
13799001787748,55.0022099981435,116352,14109,1.668934722517542,9150,2.393551912568306,5342,2.7695044933032222
13799001787763,48.75647723075299,3816,610,1.9901639344262294,360,2.4583333333333335,150,2.4499151103565366
13799001787771,55.630071599045344,77173,4181,1.5771346567806745,5108,2.3281127642913075,2883,2.646231323888532
13799001787789,55.89192363436454,26314,1757,1.657370517928287,1673,2.350866706515242,721,2.4739790908565817
13799001787805,53.92453474120304,92697,5745,1.5025239338555265,6355,2.3461841070023604,3869,2.6158998774277427
13799001787862,58.028087545917664,180077,23805,1.762990968283974,14363,2.420455336628838,6555,2.7037166436247215
13799001787888,56.896083117703995,34179,4401,1.6457623267439219,2282,2.414110429447853,1083,2.67590027700831
13799001787912,66.25816229323634,9517,429,1.7972027972027973,276,2.2644927536231885,179,2.461400606561897
13799001787920,57.50368872826931,75081,10092,1.6477407847800238,4944,2.3762135922330097,2431,2.727052390589855
13799001787938,59.287741871784114,166655,16425,1.626605783866058,11519,2.424516017015366,6117,2.743453797247988
13799001787953,55.57241442093554,142442,9029,1.6835751467493631,8126,2.3618016244154565,5107,2.5543349035441905
13799001787987,65.24180954934776,112667,9907,1.7339255072171191,5258,2.3602130087485738,3565,2.73654752270126
13799001787995,53.30221481831418,95495,9822,1.8201995520260639,7598,2.3648328507501972,3745,2.6422996164758037
13799001788001,53.35301821282817,28541,5363,1.759649449934738,2915,2.4185248713550602,1638,2.7187467579624442
13799001788019,55.407870499161675,40212,5388,1.7514847809948033,2934,2.3865030674846626,1502,2.7400518281636446
13799001788027,51.977385691231845,11728,899,1.6218020022246942,1293,2.508120649651972,578,2.6016430412371134
13799001788035,44.51962585602138,960,215,1.9348837209302325,78,2.4358974358974357,57,2.7261904761904763
13799001788050,55.143909321125264,131612,7457,1.3717312592195252,8163,2.363591816734044,4646,2.5439430729799
13799001788084,57.43495685851554,168093,12431,1.3924865256214303,9975,2.380751879699248,6640,2.6916708753263183
13799001788092,54.131017476769536,45503,3959,1.7236675928264713,3685,2.37123473541384,1656,2.681035981227186
13799001788316,54.240571117778636,73369,5960,1.659731543624161,5495,2.3708826205641493,2834,2.651718002765123
13799001788324,54.18216412900798,62727,4244,1.4910461828463712,3745,2.323097463284379,3310,2.66495754285828
13799001788357,55.19671702570033,97841,10713,1.7061514048352469,8642,2.4389030317056237,5421,2.886009223898887
13799001788431,52.69351541384706,63048,5373,1.5922203610645822,4736,2.3490287162162162,2788,2.638211382113821
13799001788464,56.87893293239439,136391,7562,1.3592964824120604,8036,2.3735689397710305,4787,2.627876594862029
13799001788480,51.797423270077964,31509,2569,1.5130400934215649,2738,2.322863403944485,1433,2.657090632863315
13799001788522,53.40245362387286,96782,9013,1.7027626761344725,7030,2.3758179231863443,4693,2.688855633247049
13799001788530,52.91456824456517,91158,7951,1.764557917243114,6208,2.3358569587628866,3932,2.6828522958959935
13799001788555,52.92929944523287,1917,184,1.6576086956521738,122,2.180327868852459,61,2.359267734553776
13799001788571,53.630931005193155,80158,3523,1.5202952029520296,3783,2.3425852498017448,767,2.5637146371463713
13799001788639,64.12172053781254,57173,4246,2.071596796985398,2632,2.4441489361702127,1514,2.8003141976698838
13799001788712,53.825488786816344,75328,5808,1.6193181818181819,5491,2.387543252595156,2755,2.601372218500524
13799001788738,53.33908963806649,87344,7917,1.7611468990779335,6395,2.3827990617670056,4028,2.677761543095832
13799001788746,52.89042097266616,72776,6508,1.726183159188691,5886,2.391267414203194,3942,2.773102647943925
13799001788761,54.009901199389525,63922,5406,1.7077321494635591,5026,2.321528054118583,3104,2.6618500701634162
13799001788779,56.617718012866334,101556,4805,1.5966701352757544,4847,2.3445430162987413,3369,2.5986920392892436
13799001788787,58.62847762579518,49210,2489,1.5793491361992769,2609,2.387504791107704,1457,2.6218016743308574
13799001788803,52.771612609253964,35270,3308,1.8748488512696493,2220,2.3423423423423424,1483,2.634010352041697
13799001788811,53.606167090645165,76343,5495,1.7441310282074614,5422,2.370896348210992,3930,2.7293416649241187
13799001788837,53.86406677421618,78547,5762,1.6390142311697327,4952,2.3188610662358644,2865,2.5863562296877527
13799001788878,54.92371677656105,71655,4213,1.4562069784001899,5234,2.425296140619029,2640,2.7792652535333042
13799001788886,53.72515431579784,89053,5382,1.4869936826458565,5493,2.343892226470053,4091,2.690719218583875
13799001788902,53.89440766422976,51396,4379,1.732130623430007,3965,2.370744010088272,3534,2.8115728510465354
13799001788910,52.864184721295814,29861,2345,1.6643923240938165,2343,2.3525394793000425,1379,2.6856139798188083
13799001788951,54.34308452077632,94087,6815,1.6010271460014673,7522,2.3792874235575643,4511,2.721082010850348
13799001788993,59.9417509887056,80713,8176,2.1190068493150687,4680,2.431410256410256,2850,2.8974713916574384
13799001789140,53.586273465396204,92410,7831,1.6194611160771293,6749,2.345384501407616,4715,2.7085067942618224
13799001789223,55.42384744688473,32019,1645,1.089969604863222,1881,2.359383306751728,1219,2.624265569917744
13799001789249,54.527559664152434,101450,8145,1.6572130141190915,7470,2.3777777777777778,4756,2.6871266397521527
13799001789348,51.85219083083167,49666,5049,1.5791245791245792,4610,2.352711496746204,2722,2.641899559894079
13799001789371,54.28113826856573,18291,1463,1.6363636363636365,1414,2.3528995756718527,773,2.6786548132183907
13799001789470,54.22185445142224,116141,4725,1.2526984126984126,7216,2.3562915742793793,4032,2.5675173220789125
13799001789512,57.23237046741611,169170,20795,1.779321952392402,11352,2.4056553911205074,6325,2.7198884713878853
13799001789652,57.191699394025555,111180,5940,1.387205387205387,6952,2.3519850402761797,4028,2.5781901551224813
13799001789744,55.0791656025481,60511,5043,1.644854253420583,3849,2.3647700701480905,2003,2.6084717555459207
13799001789751,54.01345875737075,58659,4711,1.6223731691785184,3952,2.367155870445344,2508,2.6979264664154563
13799001789900,53.09841209780538,39951,3437,1.617689845795752,2928,2.3709016393442623,1665,2.5177256412389077
13799001789991,56.472865375501726,124467,5071,1.2885032537960954,6739,2.34797447692536,4344,2.6060040612480107
13799001790007,53.26947955098516,34453,3431,1.9559895074322355,2460,2.391869918699187,1916,2.7765498411157803
13799001790239,56.51029712896207,58900,4885,1.4970317297850564,4426,2.3906461816538633,2994,2.8130223190193506
13799001790585,54.53013640537058,67213,4999,1.687137427485497,5126,2.4170893484198204,3222,2.707921120335252
13799001790700,57.246491144769955,136944,8643,1.376258243665394,7164,2.3786990508096038,4397,2.596973561669461
13799001790718,52.948661224733286,52678,4138,1.5476075398743354,3519,2.363739698778062,2493,2.700941689283658
13799001790759,55.21246316482351,97445,5163,1.4815030021305442,5376,2.353794642857143,4127,2.6507317530185635
13799001790767,52.34350674855388,27926,2744,1.7321428571428572,2414,2.3483844241922123,1420,2.6342803576901823
13799001790809,54.818645729045954,115550,13423,1.647917753110333,9337,2.411374103030952,4649,2.831689064157591
13799001790882,55.45993233582945,65411,5591,1.4804149526023966,4411,2.4207662661527998,3680,2.8267666070829516
13799001790940,55.38680245190694,34279,2926,1.6093643198906358,1983,2.4079677256681795,1378,2.8238023924418068
13799001790957,55.82437760924163,72282,3578,1.4891000558971492,4380,2.3730593607305934,2652,2.6274139634564007
13799001790973,57.322665645735626,184035,21750,1.646344827586207,12521,2.4037217474642603,8053,2.8158317150458787
866192034274181,55.11115835004667,104181,17404,1.9134681682371868,10064,2.276033386327504,5615,3.029786236351778
866192034274207,57.15394324408394,115655,4207,2.079153791300214,4628,2.2484874675885913,633,2.339654445849136
866192034277838,57.98722744081268,126276,11935,1.9712609970674486,6497,2.2858242265661075,3861,2.804745174907094
866192034278109,61.76712599909516,40193,1063,1.8955785512699905,915,2.240437158469945,460,2.8461538461538463
866192034278356,63.552103748433005,189800,0,0,0,0,0,0
866192034278950,58.261848858160064,102205,7368,2.039630836047774,3772,2.041622481442206,2949,2.909176496649499
866192034281137,63.9495039051791,73639,3219,2.0689655172413794,2352,2.2045068027210886,0,0
866192034287597,63.60038225336879,58464,7558,1.882508600158772,4910,2.2230142566191446,2333,3.0924799392995626
866192034294502,63.13370597411127,54749,2152,1.633364312267658,3604,2.2691453940066593,3496,2.8689359028068706
866192034294635,58.031469428911905,146565,22269,1.9396919484485158,13656,2.2776801405975395,5969,2.970545912432588
866192034295038,57.731844848689484,78885,4686,1.7991890738369611,4096,2.260498046875,1169,2.6616038578540686
866192034297901,60.3981283776819,98180,2893,2.0210853784998273,1278,2.214397496087637,3068,2.9389477837244407
866192034303998,66.58313820770377,134184,1607,1.609831985065339,4368,2.2628205128205128,3044,2.693694112280198
866192034315653,58.57837819451688,150958,14697,1.9528475199020208,7649,2.297163027846777,4255,2.735314462780127
866192034317766,55.730891113331964,140509,23212,1.9346458728244011,13594,2.282918934824187,7045,3.107969473026786
866192034338168,55.007756051542636,58444,10208,1.9140869905956113,5141,2.2553977825325813,3108,3.0180883232538047
866192034362226,57.97162100122852,132548,11039,1.8927439079626778,7688,2.2844693028095735,5065,2.8560396930141883
866192034368926,59.74806850887044,122614,24,1.7083333333333333,23,2.3043478260869565,3187,2.8642602658018754
866192034368975,56.961023402071234,130910,18348,1.8649989099629387,9843,2.2615056385248398,5780,2.950528376783607
866192034371656,58.75910306886959,116130,0,0,0,0,0,0
866192034377240,47.22668579626973,217,22,1.9090909090909092,17,2.176470588235294,5,2.0
866192034386944,59.95281249709164,151025,13326,1.8824853669518236,7256,2.2564773980154356,4165,2.7912784437884803
866192034397537,57.07933761091946,84511,11634,1.8572288121024583,6963,2.2725836564699122,3797,3.0072839088462073
866192034405959,61.28000693974981,196262,27710,1.929267412486467,19814,2.257343292621379,7920,3.010178748758689
866192034406700,67.26582085660215,178489,2235,1.9642058165548097,112,2.0,2139,2.816202369516491
866192034425767,62.441060099002996,47791,3884,1.980690010298661,2336,2.1523972602739727,1128,2.9444501727071195
866192034425825,59.7031006237839,159336,30887,1.878524945770065,22938,2.2561252070799545,9949,2.9987396131947293
866192034426294,56.78502891002055,68241,1463,1.5256322624743677,1461,2.2053388090349078,1241,2.561216429699842
866192034426310,55.84333682381506,109055,11166,1.9466236790256135,10413,2.2571785268414484,2467,2.7399932521128125
866192034427227,59.27849290512084,31237,3020,1.9288079470198676,1650,2.292727272727273,874,2.7764870399564243
866192034427318,59.749837390126444,121085,0,0,0,0,1,1
866192034427458,57.21292803786702,68550,9455,1.8613432046536225,5430,2.2705340699815837,2891,2.915468559130891
866192034427607,60.02843149475118,117348,261,1.9195402298850575,224,2.1785714285714284,2253,2.9050294313452207
866192034428662,57.13623262432048,71266,6591,1.8127749962069488,4608,2.279079861111111,3082,2.903704457106297
866192034428720,56.78473616264844,99967,4611,1.884406853177185,4452,2.272911051212938,2882,2.803513649186837
866192034434785,59.545888841033864,71748,8190,2.036019536019536,4527,2.2098519991164127,2136,2.891702282428668
866192034447258,60.921578942791804,184825,7249,1.9951717478272866,5289,2.268481754584988,850,2.5438986966125414
866192034450179,61.44838796406246,183335,2261,1.9478107032286598,1073,2.2432432432432434,1807,2.5032112734588248
866192034450401,56.61809904843531,94020,4655,2.0176154672395272,1911,2.1151229722658296,591,2.6437871257122074
866192034450633,57.545765747931696,139922,19151,1.8601117435120882,10570,2.262062440870388,6253,2.9940351427321232
866192034450948,57.75365327304491,114492,15889,1.9359305179684059,9020,2.2609756097560973,5133,2.9593408488172557
866192034451979,61.89102589967407,92034,5878,1.9001361007145288,6424,2.286892901618929,1941,2.9250249344360553
866192034457117,59.13089941737159,113861,197,1.9695431472081217,307,2.231270358306189,3135,2.8718911951946664
866192034459899,61.46687969363145,136244,19835,1.9059742878749686,12925,2.2519148936170215,5608,2.9853780313837373
866192034465037,58.324243006722305,129127,13783,1.8559820068199957,7541,2.27158201829996,4929,2.916245360594588
866192034466282,57.7822757924919,30009,1077,1.819870009285051,1082,2.2624768946395566,625,2.7515806054851866
866192034477727,62.789438588392194,199048,0,0,0,0,0,0
866192034477792,62.89392270050912,133719,0,0,0,0,0,0
866192034488278,63.788703355969695,195647,0,0,0,0,0,0
866192034488518,59.351601334335406,174883,7519,2.043356829365607,3820,2.2473821989528795,8566,2.575048687404034
866192034488724,59.23452066869487,59511,275,1.9272727272727272,237,2.2658227848101267,1723,2.848767173565309
866192034490050,58.59490914320346,98503,2763,1.8020267824828085,1605,2.27601246105919,4074,2.9023604963985075
866192034493013,68.72365356801411,191590,2276,1.6533391915641475,7080,2.2442090395480228,1385,2.7430064228009434
866192034494425,57.8878955613577,63606,7508,1.9210175812466703,4594,2.243143230300392,2673,2.956075642421725
866192034494730,61.129151272133335,157108,11746,1.914609228673591,12532,2.29149377593361,2380,2.8529812211877426
866192034494870,58.85567722406192,97987,13111,1.9393638929143466,7815,2.2841970569417787,3599,2.928199136589684
866192034495224,59.03661361996278,27200,2092,1.8494263862332696,1416,2.2549435028248586,1006,2.9485073575296417
866192034496586,59.6342090887147,60497,7981,1.8897381280541286,5901,2.246568378240976,2542,3.043533809240901
866192034497311,61.343892368199484,141011,12715,1.9307117577664177,13633,2.29457932956796,4613,2.9194935052798803
866192034497337,63.11758910570961,221935,2477,1.905530884134033,2216,2.068140794223827,1786,2.5297747452519124
866192034497485,60.13438070529451,120880,9392,1.914927597955707,10609,2.3076633047412574,2126,2.905337547628087
866192034497675,56.88462111307859,99257,1627,1.961278426551936,1464,2.2226775956284155,1378,2.717852870813397
866192034516516,58.684609422966595,33796,681,2.0088105726872247,227,2.2422907488986783,108,2.419253575165678
866192034553782,57.721173495895535,135448,17605,1.9124680488497585,9095,2.28411214953271,6346,2.968423957703831
866192034569291,57.4901860428137,68719,6834,1.9625402399765877,6257,2.2769697938309092,1547,2.889139514314108
866192034573483,57.00087986176629,29405,4393,1.9157750967448213,2665,2.3099437148217636,1382,3.0756624233851957
866192034623262,57.459797383944604,147436,19650,1.945852417302799,10550,2.2619905213270144,5110,2.9591809889571943
866192034623403,58.61556970887513,150611,9919,2.0253049702590986,6543,2.2096897447653983,1024,2.828855675774803
866192034625192,58.17492277694766,147344,19108,1.9054846137743353,10178,2.2734328944782867,5678,2.918813037297773
866192034625226,63.125968467005485,188937,172,1.8430232558139534,100,2.22,3723,2.876147101164769
866192034625531,57.372122063768686,106300,15940,1.8996863237139272,8752,2.258569469835466,4731,2.943356576559366
866192034644466,57.4687974809312,109702,11541,1.907287063512694,6193,2.2799935410947842,4039,2.8225098010024317
866192034672749,66.37983401883716,49514,733,1.6562073669849933,2485,2.256338028169014,1015,2.5233399397367107
866192039701709,57.467868545400364,79057,10326,1.835657563432113,5892,2.2654446707399862,3890,3.015235335440815
866192039712516,61.28270928119172,138896,19617,1.8611408472243463,13525,2.2548613678373384,6885,3.070591934476929
866192039723430,55.533120830111315,68495,9472,1.8625422297297298,4704,2.2425595238095237,2944,2.9119737414701445
866192039749658,62.53078144402503,135853,1384,1.8988439306358382,1093,2.2479414455626716,4062,2.5358984594332648
866192039760697,57.64295960665209,67216,9666,1.9031657355679703,5478,2.259218692953633,3088,2.989544969813
866192039769573,64.32669897426693,118134,3853,1.6184791071892033,8437,2.2927580893682586,6427,2.872604263458108
866192039772015,59.65537870817921,77786,11656,1.9561599176389841,8412,2.2667617689015693,3549,3.0475246786470196
866192039783301,60.85669480039025,244344,33605,1.8820116054158607,23129,2.2416014527216914,10577,2.9549687751897338
866192039784887,57.03780796199088,33404,4406,1.926463912846119,2734,2.2790782735918067,1252,2.9116544265749438
866192039789746,66.85112988518524,174392,17461,2.070843594295859,11625,2.211956989247312,4089,2.9619650242191256
866192039793698,55.943403312427236,34799,4988,1.8047313552526063,3037,2.2374053342113926,1882,2.959974927861132
866192039798218,59.05236101286068,76273,9473,2.0047503430803335,6522,2.158233670653174,2745,2.895214931478048
866192039799380,61.294715799565516,138583,16167,2.045091853776211,8875,2.227492957746479,4353,2.8604521420276416
866192039804933,60.64989427569354,113468,12922,2.0287881132951555,7003,2.203912608881908,3708,2.7364108272791188
866192039807043,59.034383646185105,101728,7390,1.8753721244925574,7253,2.290914104508479,363,2.6151169950738917
866192039815830,61.370795732241056,164870,19908,1.8703033956198514,13494,2.2536682970208983,6411,2.9274839589965387
866192039815913,61.20978081938407,109393,14736,1.9398072747014115,9990,2.2328328328328326,4259,2.9571178387665276
866192039815954,56.69150608450551,48637,6347,1.8358279502126988,3558,2.258291174817313,2075,2.9026976744186044
866192039816960,61.96289118044973,256594,26921,1.990304966383121,18632,2.004776728209532,10792,2.9855154696132598
866192039825284,60.72382965289338,194553,28414,1.9438657000070387,19346,2.244960198490644,8432,3.0334345523679733
866192039830631,57.98743676823331,115066,8221,2.0170295584478772,5846,2.171228190215532,4740,2.6407060158595494
866192039844442,55.865492199846805,98220,14775,1.8751269035532996,8407,2.271797311764006,4325,2.873464120722346
866192039857238,60.739191829704566,180980,23643,1.9813052489108827,17547,1.9946429589103551,7780,2.98368408752782
866192039857550,57.9805786298456,146051,18650,1.844450402144772,10882,2.2653004962323102,6385,2.9590088939077965
